benchmarkGroup,name,dbColumn,inputType,description,options,computed,equation,excludeFromCompletion,includeInNationalReport,yearsAvailable
"Form 1: Subscriber Information","Service Area Total Population",total_pop,number,"<strong>Service Area Total Population</strong> should reflect state's definition of your institution's service area, most recent census estimates, and include all age groups.",,,,,1,"2007,2008,2009,2010,2011,2012,2013,2014,2015,2016"
"Form 1: Subscriber Information","Unemployment Rate",unemp_rate,percent,,,,,,1,"2007,2008,2009,2010,2011,2012,2013,2014,2015,2016"
"Form 1: Subscriber Information","Median Household Income",med_hhold_inc,number,,,,,,1,"2007,2008,2009,2010,2011,2012,2013,2014,2015,2016"
"Form 1: Subscriber Information","IPEDS Fall Enrollment",ipeds_enr,number,"<strong>Full-time Credit Headcount</strong> plus <strong>Part-time Credit Headcount</strong> should equal <strong>IPEDS Enrollment</strong>.",,,,,1,"2007,2008,2009,2010,2011,2012,2013,2014,2015,2016"
"Form 1: Subscriber Information","Full-time Credit Headcount",ft_cr_head,number,,,,,,1,"2007,2008,2009,2010,2011,2012,2013,2014,2015,2016"
"Form 1: Subscriber Information","Part-time Credit Headcount",pt_cr_head,number,,,,,,1,"2007,2008,2009,2010,2011,2012,2013,2014,2015,2016"
"Form 1: Subscriber Information","High School Student Concurrent Enrollment - Headcount",hs_stud_hdct,percent,"<strong>High School Student Concurrent Enrollment - Headcount</strong> should be the percent of IPEDS Fall Headcount Enrollment that includes high school students enrolled either on campus, at their high school, or online.",,,,,1,"2012,2013,2014,2015,2016"
"Form 1: Subscriber Information","Pell Grant Recipients",pell_grant_rec,percent,"<strong>Pell Grant Recipients</strong> should be the percent of IPEDS Fall Headcount Enrollment who received Pell Grants.",,,,,1,"2012,2013,2014,2015,2016"
"Form 1: Subscriber Information","Non-credit Headcount",non_cr_hdct,number,,,,,,1,"2007,2008,2009,2010,2011,2012,2013,2014,2015,2016"
"Form 1: Subscriber Information","Transfer Credit Hours",trans_cred,percent,"<strong>Transfer Credit Hours</strong> should be the percent of IPEDS Fall Enrollment credit hours that includes full- and part-time students enrolled in courses that do not award career or technical certification, but do award credit that is transferable to other postsecondary institutions. (For example, English, History, and Math would be considered transfer credit hours.)",,,,,1,"2007,2008,2009,2010,2011,2012,2013,2014,2015,2016"
"Form 1: Subscriber Information","Technical/Career Credit Hours",t_c_crh,percent,"<strong>Technical/Career Credit Hours</strong> should be the percent of IPEDS Fall Enrollment that includes credit hours by full- and part-time students enrolled in programs that award career or technical certification that is not transferable.  (For example, automotive technology credit hours, interior design credit hours, and practical nursing credit hours would be considered technical/career credit hours.)",,,,,1,"2007,2008,2009,2010,2011,2012,2013,2014,2015,2016"
"Form 1: Subscriber Information","Developmental Credit Hours",dev_crh,percent,"<strong>Developmental Credit Hours</strong> should be the percent of IPEDS Fall Enrollment that includes credit hours by full- and part-time students enrolled in developmental/remedial courses as defined by the institution.",,,,,1,"2007,2008,2009,2010,2011,2012,2013,2014,2015,2016"
"Form 1: Subscriber Information","High School Student Concurrent Enrollment - Credit Hours",hs_stud_crh,percent,"<strong>High School Student Concurrent Enrollment - Credit Hours</strong> should be the percent of IPEDS Fall Credit Hour Enrollment that includes high school students enrolled either on campus, at their high school, or online.",,,,,1,"2012,2013,2014,2015,2016"
"Form 1: Subscriber Information","Credit Student Median Age",crd_stud_minc,number,,,,,,1,"2007,2008,2009,2010,2011,2012,2013,2014,2015,2016"
"Form 1: Subscriber Information","Female Credit Students",fem_cred_stud,percent,,,,,,1,"2007,2008,2009,2010,2011,2012,2013,2014,2015,2016"
"Form 1: Subscriber Information","First-generation Student",first_gen_stud,percent,"<strong>First-generation Student</strong> should be the percent of fall credit students that represent the first generation of their families to attend a higher education institution.",,,,,1,"2007,2008,2009,2010,2011,2012,2013,2014,2015,2016"
"Form 1: Subscriber Information","Nonresident Alien",non_res_alien_2012,percent,,,,,,1,"2012,2013,2014,2015,2016"
"Form 1: Subscriber Information","Nonresident Alien",non_res_alien,percent,,,,,,1,"2007,2008,2009,2010,2011"
"Form 1: Subscriber Information","Hispanics of Any Race",hisp_anyrace_2012,percent,,,,,,1,"2012,2013,2014,2015,2016"
"Form 1: Subscriber Information","American Indian or Alaskan Native",ind_alaska_2012,percent,,,,,,1,"2012,2013,2014,2015,2016"
"Form 1: Subscriber Information",Asian,asian_2012,percent,,,,,,1,"2012,2013,2014,2015,2016"
"Form 1: Subscriber Information","Black, Non-Hispanic",blk_n_hisp,percent,,,,,,1,"2007,2008,2009,2010,2011"
"Form 1: Subscriber Information","Black or African American",blk_2012,percent,,,,,,1,"2012,2013,2014,2015,2016"
"Form 1: Subscriber Information","American Indian or Alaskan Native",ind_alaska,percent,,,,,,1,"2007,2008,2009,2010,2011"
"Form 1: Subscriber Information","Asian or Pacific Islander",asia_pacif,percent,,,,,,1,"2007,2008,2009,2010,2011"
"Form 1: Subscriber Information","Native Hawaiian or other Pacific Islander",haw_pacific_2012,percent,,,,,,1,"2012,2013,2014,2015,2016"
"Form 1: Subscriber Information",Hispanic/Latino,hisp,percent,,,,,,1,"2007,2008,2009,2010,2011"
"Form 1: Subscriber Information",White,white_2012,percent,,,,,,1,"2012,2013,2014,2015,2016"
"Form 1: Subscriber Information","White, Non-Hispanic",wht_n_hisp,percent,,,,,,1,"2007,2008,2009,2010,2011"
"Form 1: Subscriber Information","Two or More Races",two_or_more,percent,,,,,,1,"2012,2013,2014,2015,2016"
"Form 1: Subscriber Information","Race and Ethnicity Unknown",race_eth_unk_2012,percent,,,,,,1,"2012,2013,2014,2015,2016"
"Form 1: Subscriber Information","Race/Ethnicity Unknown",race_eth_unk,percent,,,,,,1,"2007,2008,2009,2010,2011"
"Form 1: Subscriber Information","Tuition and Fees per Credit Hour",tuition_fees,number,"<p>
Use fall 2011 data.
</p>
<p>
<strong>Tuition and Fees per Credit Hour</strong> are the tuition and fees that full-time, in-district students are charged per credit hour.  Use the figure reported to IPEDS.  <em>Enter per credit hour figure, not total tuition and fees.</em>
</p>
<p>
Credit Courses are courses that are eligible for Title IV federal financial aid.
</p>",,,,,1,"2007,2008,2009,2010,2011,2012,2013,2014,2015,2016"
"Form 1: Subscriber Information","Unrestricted Operating Revenue",unre_o_rev,number,"<p>
Use fiscal year 2012 data.
</p>
<p>
<strong>Unrestricted Operating Revenue</strong> is defined by the National Association of College and University Business Officers (NACUBO) as ""resources received that have no limitations or stipulations placed on them by external agencies or donors.""
</p>",,,,,1,"2007,2008,2009,2010,2011,2012,2013,2014,2015,2016"
"Form 1: Subscriber Information","From Local Sources",loc_sour,percent,,,,,,1,"2007,2008,2009,2010,2011,2012,2013,2014,2015,2016"
"Form 1: Subscriber Information","From State",state_sour,percent,,,,,,1,"2007,2008,2009,2010,2011,2012,2013,2014,2015,2016"
"Form 1: Subscriber Information","From Tuition & Fees",tuition_fees_sour,percent,,,,,,1,"2007,2008,2009,2010,2011,2012,2013,2014,2015,2016"
"Form 2: Student Completion and Transfer","Number Completed Degree or Certificate",pt_yminus7_degr,number,"<p>
Enter the number of students from ""Unduplicated Headcount"" who completed a degree or certificate before fall 2012. 
</p>
<p>
Students in the fall 2006 IPEDS GRS cohort who received degrees or certificates. Degree or certificate completion ""trumps"" transfer.
</p>",,,,,1,"2007,2008,2009,2010,2011,2012,2013,2014,2015,2016"
"Form 2: Student Completion and Transfer","Unduplicated headcount",pt_fminus7_headc,number,"<p>
Enter unduplicated credit headcount of first-time, part-time degree- and certificate-seeking students in the fall 2006 IPEDS GRS cohort.
</p>
<p>
<em>Degree</em> and <em>Certificate</em> should be as defined by the reporting institution for credit student work.
</p>",,,,,1,"2007,2008,2009,2010,2011,2012,2013,2014,2015,2016"
"Form 2: Student Completion and Transfer","Number Transfered",pt_yminus7_transf,number,"<p>
Enter the number of students from ""Unduplicated Headcount"" who transferred to public and private four-year institutions before fall 2012.
</p>
<p>
Please use National Student Clearinghouse data. 
</p>
<p>
Degree or certificate completion ""trumps"" transfer.   Students in the fall 2006 IPEDS GRS cohort who received degrees or certificates and then transferred to four-year institutions should be included in degree or certificate completition.  Only those students who transferred but did not receive degrees or certificates should be included in ""Number Transferred"".
</p>",,,,,1,"2007,2008,2009,2010,2011,2012,2013,2014,2015,2016"
"Form 2: Student Completion and Transfer","Percent Completed in Six Years",pt_perminus7_comp,percent,,,1,"{{pt_yminus7_degr}} / {{pt_fminus7_headc}}",,1,"2007,2008,2009,2010,2011,2012,2013,2014,2015,2016"
"Form 2: Student Completion and Transfer","Percent Transferred in Six Years",pt_percminus7_tran,percent,,,1,"{{pt_yminus7_transf}} / {{pt_fminus7_headc}}",,1,"2007,2008,2009,2010,2011,2012,2013,2014,2015,2016"
"Form 2: Student Completion and Transfer","Percent Completed or Transferred in Six Years",pt_pminus7_comtran,percent,,,1,"({{pt_yminus7_degr}} + {{pt_yminus7_transf}}) / {{pt_fminus7_headc}}",,1,"2007,2008,2009,2010,2011,2012,2013,2014,2015,2016"
"Form 2: Student Completion and Transfer","Unduplicated Headcount",ft_f_yminus4_headc,number,"<p>
Enter unduplicated credit headcount of first-time, full-time degree- and certificate-seeking students in the fall 2009 IPEDS GRS cohort.
</p>
<p>
<em>Degree</em> and <em>Certificate</em> should be as defined by the reporting institution for credit student work.
</p>",,,,,1,"2007,2008,2009,2010,2011,2012,2013,2014,2015,2016"
"Form 2: Student Completion and Transfer","Number Completed Degree or Certificate",ft_f_yminus4_degr_cert,number,"<p>
Enter the number of students from ""Unduplicated Headcount"" who completed a degree or certificate before fall 2012. 
</p>
<p>
Students in the fall 2009 IPEDS GRS cohort who received degrees or certificates. Degree or certificate completion ""trumps"" transfer.
</p>",,,,,1,"2007,2008,2009,2010,2011,2012,2013,2014,2015,2016"
"Form 2: Student Completion and Transfer","Number Transferred",ft_f_yminus4_transf,number,"<p>
Enter the number of students from ""Unduplicated Headcount"" who transferred to public and private four-year institutions before fall 2012.
</p>
<p>
Please use National Student Clearinghouse data. 
</p>
<p>
Degree or certificate completion ""trumps"" transfer.   Students in the fall 2009 IPEDS GRS cohort who received degrees or certificates and then transferred to four-year institutions should be included in degree or certificate completition.  Only those students who transferred but did not receive degrees or certificates should be included in ""Number Transferred"".
</p>",,,,,1,"2007,2008,2009,2010,2011,2012,2013,2014,2015,2016"
"Form 2: Student Completion and Transfer","Unduplicated Headcount",pt_f_yminus4_headc,number,"<p>
Enter unduplicated credit headcount of first-time, part-time degree- and certificate-seeking students in the fall 2009 IPEDS GRS cohort.
</p>
<p>
<em>Degree</em> and <em>Certificate</em> should be as defined by the reporting institution for credit student work.
</p>",,,,,1,"2007,2008,2009,2010,2011,2012,2013,2014,2015,2016"
"Form 2: Student Completion and Transfer","Percent Completed in Three Years",ft_perc_comp,percent,,,1,"{{ft_f_yminus4_degr_cert}} / {{ft_f_yminus4_headc}}",,1,"2007,2008,2009,2010,2011,2012,2013,2014,2015,2016"
"Form 2: Student Completion and Transfer","Percent Transferred in Three Years",ft_perc_transf,percent,,,1,"{{ft_f_yminus4_transf}} / {{ft_f_yminus4_headc}}",,1,"2007,2008,2009,2010,2011,2012,2013,2014,2015,2016"
"Form 2: Student Completion and Transfer","Number Completed Degree or Certificate",pt_f_yminus4_degr_cert,number,"<p>
Enter the number of students from ""Unduplicated Headcount"" who completed a degree or certificate before fall 2012. 
</p>
<p>
Students in the fall 2009 IPEDS GRS cohort who received degrees or certificates. Degree or certificate completion ""trumps"" transfer.
</p>",,,,,1,"2007,2008,2009,2010,2011,2012,2013,2014,2015,2016"
"Form 2: Student Completion and Transfer","Percent Completed or Transferred in Three Years",ft_perc_comp_transf,percent,,,1,"({{ft_f_yminus4_degr_cert}} + {{ft_f_yminus4_transf}}) / {{ft_f_yminus4_headc}}",,1,"2007,2008,2009,2010,2011,2012,2013,2014,2015,2016"
"Form 2: Student Completion and Transfer","Number Transferred",pt_f_yminus4_transf,number,"<p>
Enter the number of students from ""Unduplicated Headcount"" who transferred to public and private four-year institutions before fall 2012.
</p>
<p>
Please use National Student Clearinghouse data.
</p>
<p>
Degree or certificate completion ""trumps"" transfer.   Students in the fall 2009 IPEDS GRS cohort who received degrees or certificates and then transferred to four-year institutions should be included in degree or certificate completition.  Only those students who transferred but did not receive degrees or certificates should be included in ""Number Transferred"".
</p>",,,,,1,"2007,2008,2009,2010,2011,2012,2013,2014,2015,2016"
"Form 2: Student Completion and Transfer","Percent Completed in Three Years",pt_perc_comp,percent,,,1,"{{pt_f_yminus4_degr_cert}} / {{pt_f_yminus4_headc}}",,1,"2007,2008,2009,2010,2011,2012,2013,2014,2015,2016"
"Form 2: Student Completion and Transfer","Percent Transferred in Three Years",pt_perc_transf,percent,,,1,"{{pt_f_yminus4_transf}} / {{pt_f_yminus4_headc}}",,1,"2007,2008,2009,2010,2011,2012,2013,2014,2015,2016"
"Form 2: Student Completion and Transfer","Percent Completed or Transferred in Three Years",pt_perc_comp_transf,percent,,,1,"({{pt_f_yminus4_degr_cert}} + {{pt_f_yminus4_transf}}) / {{pt_f_yminus4_headc}}",,1,"2007,2008,2009,2010,2011,2012,2013,2014,2015,2016"
"Form 2: Student Completion and Transfer","Unduplicated headcount",f_yminus7_headc,number,"<p>
Enter unduplicated credit headcount of first-time, full-time degree- and certificate-seeking students in the fall 2006 IPEDS GRS cohort.
</p>
<p>
<em>Degree</em> and <em>Certificate</em> should be as defined by the reporting institution for credit student work.
</p>",,,,,1,"2007,2008,2009,2010,2011,2012,2013,2014,2015,2016"
"Form 2: Student Completion and Transfer","Number Completed Degree or Certificate",ft_yminus7_degr,number,"<p>
Enter the number of students from ""Unduplicated Headcount"" who completed a degree or certificate before fall 2012. 
</p>
<p>
Students in the fall 2006 IPEDS GRS cohort who received degrees or certificates. Degree or certificate completion ""trumps"" transfer.
</p>",,,,,1,"2007,2008,2009,2010,2011,2012,2013,2014,2015,2016"
"Form 2: Student Completion and Transfer","Number Transfered",ft_yminus7_transf,number,"<p>
Enter the number of students from ""Unduplicated Headcount"" who transferred to public and private four-year institutions before fall 2012.
</p>
<p>
Please use National Student Clearinghouse data. 
</p>
<p>
Degree or certificate completion ""trumps"" transfer.   Students in the fall 2006 IPEDS GRS cohort who received degrees or certificates and then transferred to four-year institutions should be included in degree or certificate completition.  Only those students who transferred but did not receive degrees or certificates should be included in ""Number Transferred"".
</p>",,,,,1,"2007,2008,2009,2010,2011,2012,2013,2014,2015,2016"
"Form 2: Student Completion and Transfer","Percent Completed in Six Years",ft_minus7perc_comp,percent,,,1,"{{ft_yminus7_degr}} / {{f_yminus7_headc}}",,1,"2007,2008,2009,2010,2011,2012,2013,2014,2015,2016"
"Form 2: Student Completion and Transfer","Percent Transfered in Six Years",percminus7_transf,percent,,,1,"{{ft_yminus7_transf}} / {{f_yminus7_headc}}",,1,"2007,2008,2009,2010,2011,2012,2013,2014,2015,2016"
"Form 2: Student Completion and Transfer","Percent Completed or Transferred in Six Years",percminus7_comtran,percent,,,1,"({{ft_yminus7_degr}} + {{ft_yminus7_transf}}) / {{f_yminus7_headc}}",,1,"2007,2008,2009,2010,2011,2012,2013,2014,2015,2016"
"Form 3: Student Performance at Transfer Institutions","Total Students Who Transferred",tot_stud_trans,number,"Enter the total number of students with <em>12 or more earned credit hours</em> from the reporting institution who transferred to public and private four-year institutions during the <em>most recent academic year</em> for which National Student Clearinghouse data are available (the data should be less than five years old).",,,,,1,"2007,2008,2009,2010,2011,2012,2013,2014,2015,2016"
"Form 3: Student Performance at Transfer Institutions","Cumulative First-year GPA",fst_yr_gpa,number,"Enter the <em>cumulative</em> first-year grade-point average (GPA) at all public and private four-year transfer institutions for all students in Row 1 (Total Students Who Transferred).  GPA should be on a 4-point scale (A = 4, B= 3, C = 2, P = 2, D = 1, F = 0).",,,,,1,"2007,2008,2009,2010,2011,2012,2013,2014,2015,2016"
"Form 3: Student Performance at Transfer Institutions","Total First-year Credit Hours",tot_fst_yr_crh,number,"Enter the total credit hours completed (grades A through F) during the first year at all public and private four-year transfer institutions by all students in Row 1 (Total Students Who Transferred).",,,,,1,"2007,2008,2009,2010,2011,2012,2013,2014,2015,2016"
"Form 3: Student Performance at Transfer Institutions","Percent Enrolled Next Year",enro_next_yr,percent,"Enter the percent of students in Row 1 (Total Students Who Transferred) that enrolled at the same public and private four-year transfer institutions for the next academic year.",,,,,1,"2007,2008,2009,2010,2011,2012,2013,2014,2015,2016"
"Form 3: Student Performance at Transfer Institutions","Average First-year Credit Hours",avrg_1y_crh,float,,"{{tot_fst_yr_crh}} / {{tot_stud_trans}}",1,,,1,"2007,2008,2009,2010,2011,2012,2013,2014,2015,2016"
"Form 4: Credit Student Enrollment","Credit Students at End of Fall 2011 Term",tot_cr_st,number,"<p>
Enter the unduplicated number of total full- and part-time credit students (including those who withdrew from all courses) at the end of the fall 2011 term.
</p>
<p>
<em>Do not include high school students.</em>
</p>",,,,,1,"2007,2008,2009,2010,2011,2012,2013,2014,2015,2016"
"Form 4: Credit Student Enrollment","Fall 2011 Credit Students Who Graduated before Spring 2012",grad_bef_spr,number,"Enter the total number of credit students from fall 2011 who graduated or completed certificates before the spring 2012 term.",,,,,1,"2007,2008,2009,2010,2011,2012,2013,2014,2015,2016"
"Form 4: Credit Student Enrollment","Fall 2011 Credit Students Who Graduated before Fall 2012",grad_bef_fall,number,"Enter the total number of credit students from fall 2011 who graduated or completed certificates before the fall 2012 term.  The number should include graduates and completers from Spring 2012.",,,,,1,"2007,2008,2009,2010,2011,2012,2013,2014,2015,2016"
"Form 4: Credit Student Enrollment","Fall 2011 Credit Students Who Enrolled in Spring 2012",enr_bef_spr,number,"Enter the total number of credit students from fall 2011 who enrolled in the spring 2012 term. Do not include students who graduated before spring 2012.",,,,,1,"2007,2008,2009,2010,2011,2012,2013,2014,2015,2016"
"Form 4: Credit Student Enrollment","Fall 2011 Credit Students Who Enrolled in Fall 2012",enr_fall,number,"Enter the total number of credit students from fall 2011 who enrolled in the fall 2012 term. Do not include students who graduated before fall 2012.",,,,,1,"2007,2008,2009,2010,2011,2012,2013,2014,2015,2016"
"Form 4: Credit Student Enrollment","Next-Term Persistence Rate",next_term_pers,percent,,,1,"{{enr_bef_spr}} / ( {{tot_cr_st}} - {{grad_bef_spr}} )",,1,"2007,2008,2009,2010,2011,2012,2013,2014,2015,2016"
"Form 4: Credit Student Enrollment","Fall-Fall Persistence Rate",fall_fall_pers,percent,,,1,"{{enr_fall}} / ( {{tot_cr_st}} - {{grad_bef_fall}} )",,1,"2007,2008,2009,2010,2011,2012,2013,2014,2015,2016"
"Form 5: Student Satisfaction and Engagement","Active and Collaborative Learning",act_coll_learn,float,,,,,,1,"2007,2008,2009,2010,2011,2012,2013,2014,2015,2016"
"Form 5: Student Satisfaction and Engagement","Student Effort",stud_eff,float,,,,,,1,"2007,2008,2009,2010,2011,2012,2013,2014,2015,2016"
"Form 5: Student Satisfaction and Engagement","Academic Challenge",acad_chall,float,,,,,,1,"2007,2008,2009,2010,2011,2012,2013,2014,2015,2016"
"Form 5: Student Satisfaction and Engagement","Student-Faculty Interaction",stud_fac_int,float,,,,,,1,"2007,2008,2009,2010,2011,2012,2013,2014,2015,2016"
"Form 5: Student Satisfaction and Engagement","Support for Learners",sup_learn,float,,,,,,1,"2007,2008,2009,2010,2011,2012,2013,2014,2015,2016"
"Form 5: Student Satisfaction and Engagement","If you would start college over, would you choose to attend this college?",choo_again,float,,,,,,1,"2007,2008,2009,2010,2011,2012,2013,2014,2015,2016"
"Form 5: Student Satisfaction and Engagement","What is your overall impression of the quality of education at this 2-year college?",ova_impr,float,,,,,,1,"2007,2008,2009,2010,2011,2012,2013,2014,2015,2016"
"Form 5: Student Satisfaction and Engagement","96. So far, how has your college experience met your expectations?",n96_exp,float,,,,,,1,"2007,2008,2009,2010,2011,2012,2013,2014,2015,2016"
"Form 5: Student Satisfaction and Engagement","97. Rate your overall satisfaction with your experience here thus far.",n97_ova_exp,float,,,,,,1,"2007,2008,2009,2010,2011,2012,2013,2014,2015,2016"
"Form 5: Student Satisfaction and Engagement","98. All in all, if you had it to do over again, would you enroll here?",n98_enr_again,float,,,,,,1,"2007,2008,2009,2010,2011,2012,2013,2014,2015,2016"
"Form 5: Student Satisfaction and Engagement","Academic Advising / Counseling",ac_adv_coun,float,,,,,,1,"2007,2008,2009,2010,2011,2012,2013,2014,2015,2016"
"Form 5: Student Satisfaction and Engagement","Academic Services",ac_serv,float,,,,,,1,"2007,2008,2009,2010,2011,2012,2013,2014,2015,2016"
"Form 5: Student Satisfaction and Engagement","Admissions and Financial Aid",adm_fin_aid,float,,,,,,1,"2007,2008,2009,2010,2011,2012,2013,2014,2015,2016"
"Form 5: Student Satisfaction and Engagement","Campus Climate",camp_clim,float,,,,,,1,"2007,2008,2009,2010,2011,2012,2013,2014,2015,2016"
"Form 5: Student Satisfaction and Engagement","Campus Support Services",camp_supp,float,,,,,,1,"2007,2008,2009,2010,2011,2012,2013,2014,2015,2016"
"Form 5: Student Satisfaction and Engagement","Concern for the Individual",conc_indiv,float,,,,,,1,"2007,2008,2009,2010,2011,2012,2013,2014,2015,2016"
"Form 5: Student Satisfaction and Engagement","Instructional Effectiveness",instr_eff,float,,,,,,1,"2007,2008,2009,2010,2011,2012,2013,2014,2015,2016"
"Form 5: Student Satisfaction and Engagement","Registration Effectiveness",reg_eff,float,,,,,,1,"2007,2008,2009,2010,2011,2012,2013,2014,2015,2016"
"Form 5: Student Satisfaction and Engagement","Responsiveness to Diverse Populations",resp_div_pop,float,,,,,,1,"2007,2008,2009,2010,2011,2012,2013,2014,2015,2016"
"Form 5: Student Satisfaction and Engagement","Safety and Security",safe_sec,float,,,,,,1,"2007,2008,2009,2010,2011,2012,2013,2014,2015,2016"
"Form 5: Student Satisfaction and Engagement","Service Excellence",serv_exc,float,,,,,,1,"2007,2008,2009,2010,2011,2012,2013,2014,2015,2016"
"Form 5: Student Satisfaction and Engagement","Student Centeredness",stud_centr,float,,,,,,1,"2007,2008,2009,2010,2011,2012,2013,2014,2015,2016"
"Form 6: Student Goal Attainment","Graduates and Completers",grads_comp,percent,"Percent that achieved objective.",,,,,1,"2007,2008,2009,2010,2011,2012,2013,2014,2015,2016"
"Form 6: Student Goal Attainment","Leavers and Non-Completers",leave_noncomp,percent,"Percent that achieved objective.",,,,,1,"2007,2008,2009,2010,2011,2012,2013,2014,2015,2016"
"Form 7: Credit College-level Retention, Success","Total A, B, C, P, D, F, and W Grades",tot_grad_abcpdfw,number,"<p>
Enter the total number of A, B, C, P, D, F, and W grades (or their institutional equivalents) in all credit, college-level courses at the end of the fall 2011 term for all students (include high school students earning college credits).  Include laboratory grades if they are awarded independently of their associated lecture grade.  <em>Do not include</em> incompletes, audits, and grades in developmental courses.  Developmental courses should be reported on FORM 8.
</p>
<p>
If your institution records + or - grades, include them in the letter grades with which they are associated (e.g. C+ grades would be reported with C grades).  Map all other grades to their closest equivalent.
</p>
<p>
College-level courses include courses that, if successfully completed, can be applied toward the number of courses required for achieving a degree or certificate or transferred to another institution.
</p>
<p>
P grades (or your institution's equivalent) are awarded when a student takes a class for a ""pass"" or ""fail"" grade.  Not all institutions may offer this option.
</p>",,,,,1,"2007,2008,2009,2010,2011,2012,2013,2014,2015,2016"
"Form 7: Credit College-level Retention, Success","Total A, B, C, P, D, and F Grades",tot_grad_abcpdf,number,"Enter the total number of A, B, C, P, D and F grades (or their institutional equivalents) in credit, college-level courses at the end of the fall 2011 term.",,,,,1,"2007,2008,2009,2010,2011,2012,2013,2014,2015,2016"
"Form 7: Credit College-level Retention, Success","Total A, B, C, and P Grades",tot_grad_abcp,number,"Enter the total number of A, B, C, and P grades (or their institutional equivalents) in credit, college-level courses at the end of the fall 2011 term.",,,,,1,"2007,2008,2009,2010,2011,2012,2013,2014,2015,2016"
"Form 7: Credit College-level Retention, Success","Retention Rate",ret_rate,percent,,,1,"{{tot_grad_abcpdf}} / {{tot_grad_abcpdfw}}",,1,"2007,2008,2009,2010,2011,2012,2013,2014,2015,2016"
"Form 7: Credit College-level Retention, Success","Enrollee Success Rate",enr_succ,percent,,,1,"{{tot_grad_abcp}} / {{tot_grad_abcpdfw}}",,1,"2007,2008,2009,2010,2011,2012,2013,2014,2015,2016"
"Form 7: Credit College-level Retention, Success","Completer Success Rate",comp_succ,percent,,,1,"{{tot_grad_abcp}} / {{tot_grad_abcpdf}}",,1,"2007,2008,2009,2010,2011,2012,2013,2014,2015,2016"
"Form 8: Credit Developmental Retention, Success","Total Grades in Developmental / Remedial Courses",m_tot_grad_dev_rem,number,"<p>
Enter the total number of A, B, C, P, D, F, and W grades (or their institutional equivalents) in Math credit developmental/remedial courses at the end of the fall 2011 term (include high school students earning college credits).  Do not include incompletes, audits, or grades in ESL courses.
</p>
<p>
Developmental/remedial courses are those defined by the reporting institution.
</p>
<p>
If your institution records + or - grades, include them in the letter grades with which they are associated (e.g. C+ grades would be reported with C grades).
</p>",,,,,1,"2007,2008,2009,2010,2011,2012,2013,2014,2015,2016"
"Form 8: Credit Developmental Retention, Success","Total A, B, C, P, D and F Grades",m_abcpdf,number,"Enter the total number of A, B, C, P, D, and F grades (or their institutional equivalents) in credit developmental/remedial courses at the end of the fall 2011 term.",,,,,1,"2007,2008,2009,2010,2011,2012,2013,2014,2015,2016"
"Form 8: Credit Developmental Retention, Success","Total A, B, C and P Grades",m_abcp,number,"Enter the total number of A, B, C, and P grades (or their institutional equivalents) in developmental/remedial courses at the end of the fall 2011 term.",,,,,1,"2007,2008,2009,2010,2011,2012,2013,2014,2015,2016"
"Form 8: Credit Developmental Retention, Success","Retention Rate",m_ret_rate,percent,,,1,"{{m_abcpdf}} / {{m_tot_grad_dev_rem}}",,1,"2007,2008,2009,2010,2011,2012,2013,2014,2015,2016"
"Form 8: Credit Developmental Retention, Success","Enrollee Success Rate",m_enr_succ,percent,,,1,"{{m_abcp}} / {{m_tot_grad_dev_rem}}",,1,"2007,2008,2009,2010,2011,2012,2013,2014,2015,2016"
"Form 8: Credit Developmental Retention, Success","Completer Success Rate",m_comp_succ,percent,,,1,"{{m_abcp}} / {{m_abcpdf}}",,1,"2007,2008,2009,2010,2011,2012,2013,2014,2015,2016"
"Form 8: Credit Developmental Retention, Success","Total Grades in Developmental / Remedial Courses",w_tot_grad_dev_rem,number,"<p>
Enter the total number of A, B, C, P, D, F, and W grades (or their institutional equivalents) in credit developmental/remedial courses at the end of the fall 2011 term (include high school students earning college credits).  Do not include incompletes, audits, or grades in ESL courses.
</p>
<p>
Developmental/remedial courses are those defined by the reporting institution.
</p>
<p>
Reading and Writing includes courses in which both reading and writing instruction are included in the same course.  Courses reported under ""Reading / Writing"" should not be included under ""Writing"" and ""Reading"".
</p>
<p>
If your institution records + or - grades, include them in the letter grades with which they are associated (e.g. C+ grades would be reported with C grades).
</p>",,,,,1,"2007,2008,2009,2010,2011,2012,2013,2014,2015,2016"
"Form 8: Credit Developmental Retention, Success","Total A, B, C, P, D and F Grades",w_abcpdf,number,"Enter the total number of A, B, C, P, D, and F grades (or their institutional equivalents) in credit developmental/remedial courses at the end of the fall 2011 term.",,,,,1,"2007,2008,2009,2010,2011,2012,2013,2014,2015,2016"
"Form 8: Credit Developmental Retention, Success","Total A, B, C and P Grades",w_abcp,number,"Enter the total number of A, B, C, and P grades (or their institutional equivalents) in developmental/remedial courses at the end of the fall 2011 term.",,,,,1,"2007,2008,2009,2010,2011,2012,2013,2014,2015,2016"
"Form 8: Credit Developmental Retention, Success","Retention Rate",w_ret_rate,percent,,,1,"{{w_abcpdf}} / {{w_tot_grad_dev_rem}}",,1,"2007,2008,2009,2010,2011,2012,2013,2014,2015,2016"
"Form 8: Credit Developmental Retention, Success","Enrollee Success Rate",w_enr_succ,percent,,,1,"{{w_abcp}} / {{w_tot_grad_dev_rem}}",,1,"2007,2008,2009,2010,2011,2012,2013,2014,2015,2016"
"Form 8: Credit Developmental Retention, Success","Total Grades in Developmental / Remedial Courses",rw_tot_grad_dev_rem,number,"<p>
Enter the total number of A, B, C, P, D, F, and W grades (or their institutional equivalents) in credit developmental/remedial courses at the end of the fall 2011 term (include high school students earning college credits).  Do not include incompletes, audits, or grades in ESL courses.
</p>
<p>
Developmental/remedial courses are those defined by the reporting institution.
</p>
<p>
Reading and Writing includes courses in which both reading and writing instruction are included in the same course. Courses reported under ""Reading / Writing"" should not be included under ""Writing"" and ""Reading"". 
</p>
<p>
If your institution records + or - grades, include them in the letter grades with which they are associated (e.g. C+ grades would be reported with C grades).
</p>",,,,,1,"2007,2008,2009,2010,2011,2012,2013,2014,2015,2016"
"Form 8: Credit Developmental Retention, Success","Completer Success Rate",w_comp_succ,percent,,,1,"{{w_abcp}} / {{w_abcpdf}}",,1,"2007,2008,2009,2010,2011,2012,2013,2014,2015,2016"
"Form 8: Credit Developmental Retention, Success","Total A, B, C, P, D and F Grades",rw_abcpdf,number,"Enter the total number of A, B, C, P, D, and F grades (or their institutional equivalents) in credit developmental/remedial courses at the end of the fall 2011 term.",,,,,1,"2007,2008,2009,2010,2011,2012,2013,2014,2015,2016"
"Form 8: Credit Developmental Retention, Success","Total A, B, C and P Grades",rw_abcp,number,"Enter the total number of A, B, C, and P grades (or their institutional equivalents) in developmental/remedial courses at the end of the fall 2011 term.",,,,,1,"2007,2008,2009,2010,2011,2012,2013,2014,2015,2016"
"Form 8: Credit Developmental Retention, Success","Retention Rate",rw_ret_rate,percent,,,1,"{{rw_abcpdf}} / {{rw_tot_grad_dev_rem}}",,1,"2007,2008,2009,2010,2011,2012,2013,2014,2015,2016"
"Form 8: Credit Developmental Retention, Success","Enrollee Success Rate",rw_enr_succ,percent,,,1,"{{rw_abcp}} / {{rw_tot_grad_dev_rem}}",,1,"2007,2008,2009,2010,2011,2012,2013,2014,2015,2016"
"Form 8: Credit Developmental Retention, Success","Total Grades in Developmental / Remedial Courses",r_tot_grad_dev_rem,number,"<p>
Enter the total number of A, B, C, P, D, F, and W grades (or their institutional equivalents) in credit developmental/remedial courses at the end of the fall 2011 term (include high school students earning college credits).  Do not include incompletes, audits, or grades in ESL courses.
</p>
<p>
Developmental/remedial courses are those defined by the reporting institution.
</p>
<p>
Reading and Writing includes courses in which both reading and writing instruction are included in the same course. Courses reported under ""Reading / Writing"" should not be included under ""Writing"" and ""Reading"". 
</p>
<p>
If your institution records + or - grades, include them in the letter grades with which they are associated (e.g. C+ grades would be reported with C grades).
</p>",,,,,1,"2007,2008,2009,2010,2011,2012,2013,2014,2015,2016"
"Form 8: Credit Developmental Retention, Success","Completer Success Rate",rw_comp_succ,percent,,,1,"{{rw_abcp}} / {{rw_abcpdf}}",,1,"2007,2008,2009,2010,2011,2012,2013,2014,2015,2016"
"Form 8: Credit Developmental Retention, Success","Total A, B, C, P, D and F Grades",r_abcpdf,number,"Enter the total number of A, B, C, P, D, and F grades (or their institutional equivalents) in credit developmental/remedial courses at the end of the fall 2011 term.",,,,,1,"2007,2008,2009,2010,2011,2012,2013,2014,2015,2016"
"Form 8: Credit Developmental Retention, Success","Total A, B, C and P Grades",r_abcp,number,"Enter the total number of A, B, C, and P grades (or their institutional equivalents) in developmental/remedial courses at the end of the fall 2011 term.",,,,,1,"2007,2008,2009,2010,2011,2012,2013,2014,2015,2016"
"Form 8: Credit Developmental Retention, Success","Retention Rate",r_ret_rate,percent,,,1,"{{r_abcpdf}} / {{r_tot_grad_dev_rem}}",,1,"2007,2008,2009,2010,2011,2012,2013,2014,2015,2016"
"Form 8: Credit Developmental Retention, Success","Enrollee Success Rate",r_enr_succ,percent,,,1,"{{r_abcp}} / {{r_tot_grad_dev_rem}}",,1,"2007,2008,2009,2010,2011,2012,2013,2014,2015,2016"
"Form 8: Credit Developmental Retention, Success","Completer Success Rate",r_comp_succ,percent,,,1,"{{r_abcp}} / {{r_abcpdf}}",,1,"2007,2008,2009,2010,2011,2012,2013,2014,2015,2016"
"Form 9: Credit Developmental Retention, Success, First College-level","Total A, B, C and P Grades in Fall 2010, Highest-level Developmental Courses",m_tot_abcp_hld,number,"<p>
Enter the total number of students who received A, B, C, and P grades (or their institutional equivalents) in the highest-level, credit developmental/remedial math courses at the end of the fall 2010 term.
</p>
<p>
Developmental/remedial courses are those defined by the reporting institution.  Entries should include students who succeeded in developmental math courses.
</p>
<p>
Related math courses will most likely be college level math courses.
</p>
<p>
If your institution records + or - grades, include them in the letter grades with which they are associated (e.g. C+ grades would be reported with C grades).
</p>",,,,,1,"2007,2008,2009,2010,2011,2012,2013,2014,2015,2016"
"Form 9: Credit Developmental Retention, Success, First College-level","Total A, B, C and P Grades in Fall 2010, Highest-level Developmental Courses",w_tot_abcp_hld,number,"<p>
Enter the total number of students who received A, B, C, and P grades (or their institutional equivalents) in the highest-level, credit developmental/remedial writing courses at the end of the fall 2010 term.
</p>
<p>
Developmental/remedial courses are those defined by the reporting institution.  Entries should include students who succeeded in developmental writing courses.
</p>
<p>
Related writing courses will most likely be college level English composition courses.
</p>
<p>
If your institution records + or - grades, include them in the letter grades with which they are associated (e.g. C+ grades would be reported with C grades).
</p>",,,,,1,"2007,2008,2009,2010,2011,2012,2013,2014,2015,2016"
"Form 9: Credit Developmental Retention, Success, First College-level","Total from Row 1 Who Enrolled in Related College-level Courses",m_enr_coll_cour,number,"<p>
Enter the total number of students from row 1 (Total A, B, C and P Grades) who enrolled subsequently in related college-level courses.
</p>
<p>
Related math courses will most likely be college level math courses.
</p>",,,,,1,"2007,2008,2009,2010,2011,2012,2013,2014,2015,2016"
"Form 9: Credit Developmental Retention, Success, First College-level","Total from Row 1 Who Enrolled in Related College-level Courses",w_enr_coll_cour,number,"<p>
Enter the total number of students from row 1 (Total A, B, C and P Grades) who enrolled subsequently in related college-level courses.
</p>
<p>
Related writing courses will most likely be college level English composition courses.
</p>",,,,,1,"2007,2008,2009,2010,2011,2012,2013,2014,2015,2016"
"Form 9: Credit Developmental Retention, Success, First College-level","Total from Row 2 Who Completed College-level Courses with ABCPD and F Grades",m_compl_abcpdf,number,"Enter the total number of students from row 2 (Enrolled in Related College-level Courses) who completed related college-level courses with A, B, C, D, P, and F grades (or their institutional equivalents) <em>within one subsequent academic year</em>, i.e., through fall 2011.",,,,,1,"2007,2008,2009,2010,2011,2012,2013,2014,2015,2016"
"Form 9: Credit Developmental Retention, Success, First College-level","Total from Row 2 Who Completed College-level Courses with ABCPD and F Grades",w_compl_abcpdf,number,"Enter the total number of students from row 2 (Enrolled in Related College-level Courses) who completed related college-level courses with A, B, C, D, P, and F grades (or their institutional equivalents) <em>within one subsequent academic year</em>, i.e., through fall 2011.",,,,,1,"2007,2008,2009,2010,2011,2012,2013,2014,2015,2016"
"Form 9: Credit Developmental Retention, Success, First College-level","Total from Row 3 Who Completed College-level Courses with A, B,C and P Grades",m_compl_abcp,number,"Enter the total number of students from row 3 (Completed College-level Courses with A, B, C, P and D Grades) who completed related college-level courses with A, B, C, and P grades (or their institutional equivalents) <em>within one subsequent academic year</em>, i.e., through fall 2011.",,,,,1,"2007,2008,2009,2010,2011,2012,2013,2014,2015,2016"
"Form 9: Credit Developmental Retention, Success, First College-level","Total from Row 3 Who Completed College-level Courses with A, B,C and P Grades",w_compl_abcp,number,"Enter the total number of students from row 3 (Completed College-level Courses with A, B, C, P and D Grades) who completed related college-level courses with A, B, C, and P grades (or their institutional equivalents) <em>within one subsequent academic year</em>, i.e., through fall 2011.",,,,,1,"2007,2008,2009,2010,2011,2012,2013,2014,2015,2016"
"Form 9: Credit Developmental Retention, Success, First College-level","College-level Course Retention Rate",m_coll_lev_ret_rate,percent,,,1,"{{m_compl_abcpdf}} / {{m_enr_coll_cour}}",,1,"2007,2008,2009,2010,2011,2012,2013,2014,2015,2016"
"Form 9: Credit Developmental Retention, Success, First College-level","College-level Course Retention Rate",w_coll_lev_ret_rate,percent,,,1,"{{w_compl_abcpdf}} / {{w_enr_coll_cour}}",,1,"2007,2008,2009,2010,2011,2012,2013,2014,2015,2016"
"Form 9: Credit Developmental Retention, Success, First College-level","College-level Course Enrollee Success Rate",m_coll_lev_enr_rate,percent,,,1,"{{m_compl_abcp}} / {{m_enr_coll_cour}}",,1,"2007,2008,2009,2010,2011,2012,2013,2014,2015,2016"
"Form 9: Credit Developmental Retention, Success, First College-level","College-level Course Enrollee Success Rate",w_coll_lev_enr_rate,percent,,,1,"{{w_compl_abcp}} / {{w_enr_coll_cour}}",,1,"2007,2008,2009,2010,2011,2012,2013,2014,2015,2016"
"Form 9: Credit Developmental Retention, Success, First College-level","College-level Course Completer Success Rate",m_coll_lev_compl_rate,percent,,,1,"{{m_compl_abcp}} / {{m_compl_abcpdf}}",,1,"2007,2008,2009,2010,2011,2012,2013,2014,2015,2016"
"Form 9: Credit Developmental Retention, Success, First College-level","College-level Course Completer Success Rate",w_coll_lev_compl_rate,percent,,,1,"{{w_compl_abcp}} / {{w_compl_abcpdf}}",,1,"2007,2008,2009,2010,2011,2012,2013,2014,2015,2016,2017"
"Form 10: Career Program Completers","Total Responding Employers",tot_resp_empl,number,"Enter the total number of responding employers.",,,,,1,"2007,2008,2009,2010,2011,2012,2013,2014,2015,2016"
"Form 10: Career Program Completers","Number of Employers Satisfied with Completers' Overall in %",emp_satis_prep_perc,percent,,,1,"{{empl_satis_prep}} / {{tot_resp_empl}}",,1,"2007,2008,2009,2010,2011,2012,2013,2014,2015,2016"
"Form 10: Career Program Completers","Total Completers for Whom Data Are Available",tot_compl,number,"Enter the total number of career program completers for whom employment data are available.  Count as completers students who completed career programs and were awarded  Associate's degrees or certificates.  Career programs would include programs such as Automotive Technology, Interior Design, or Practical Nursing.",,,,,1,"2007,2008,2009,2010,2011,2012,2013,2014,2015,2016"
"Form 10: Career Program Completers","Total from Row 1 | Employed in Related Field",no_tot_empl_rel,number,"<p>
Enter the total from Row 1 (Total Completers for Whom Data Are Available) who are employed full- or part-time in a field related to their career program education.  Include those in the military.
<br><br>
<em>Completers who are employed in a related field and also pursuing additional education should be entered in this row only.</em>  Row 2 and Row 3 should be unduplicated.
</p>
<p>
<em>Related Field</em> refers to a field of work related to the program a student completed.  This information is typically a self-reported item collected on a follow-up survey.
</p>",,,,,1,"2007,2008,2009,2010,2011,2012,2013,2014,2015,2016"
"Form 10: Career Program Completers","Total from Row 1 | Pursuing Education",no_tot_purs_edu,number,"<p>
Enter total from Row 1 (Total Completers for Whom Data Are Available) who are pursuing additional education.
</p>
<p>
<em>Pursuing Education refers to students who continue to enroll in classes after completion of a career program.  This information is typically a self-reported item collected on a follow-up survey.</em>
</p>",,,,,1,"2007,2008,2009,2010,2011,2012,2013,2014,2015,2016"
"Form 10: Career Program Completers","Total from Row 1 | Employed in Related Field in %",no_tot_emp_rel_perc,percent,,,1,"{{no_tot_empl_rel}} / {{tot_compl}}",,1,"2007,2008,2009,2010,2011,2012,2013,2014,2015,2016"
"Form 10: Career Program Completers","Total from Row 1 | Pursuing Education in %",no_tot_purs_edu_perc,percent,,,1,"{{no_tot_purs_edu}} / {{tot_compl}}",,1,"2007,2008,2009,2010,2011,2012,2013,2014,2015,2016"
"Form 10: Career Program Completers","Number of Employers Satisfied with Completers' Overall Preparation",empl_satis_prep,number,"<p>
Enter the total number of employers from row 1 (Total Responding Employers) who indicated satisfaction with completers' overall preparation.
</p>
<p>
<em>Satisfied with Overall Preparation</em> reflects percentages of employers that indicated positive, as opposed to neutral or negative, responses.  For example, an institution using a ""Not At All Satisfied"", ""Not Very Satisfied"", ""Neutral"", ""Somewhat Satisfied"", or ""Very Satisfied"" scale should report the percent of employers that selected ""Somewhat Satisfied"" or ""Very Satisfied"".
</p>",,,,,1,"2007,2008,2009,2010,2011,2012,2013,2014,2015,2016"
"Form 11: Retention and Success Core Academic Skills","Total ABCPDF and W Grades",ec_i_abcpdfw,number,"<p>
Enter the total number of A, B, C, P, D, F and W grades (and their institutional equivalents) in each course at the end of the fall 2011 term for all students.  Do not include incompletes and audits.
</p>
<p>
If your institution records + or - grades, include them in the letter grades with which they are associated (e.g. a grade of C+ would be reported with C grades).
</p>",,,,,1,"2007,2008,2009,2010,2011,2012,2013,2014,2015,2016"
"Form 11: Retention and Success Core Academic Skills","Total ABCPD and F Grades",ec_i_abcpdf,number,"Enter the total number of A, B, C, P, D and F grades (or their institutional equivalents) at the end of the fall 2011 term.",,,,,1,"2007,2008,2009,2010,2011,2012,2013,2014,2015,2016"
"Form 11: Retention and Success Core Academic Skills","Total ABC and P Grades",ec_i_abcp,number,"Enter the total number of A, B, C, and P grades (or their institutional equivalents) at the end of the fall 2011 term.",,,,,1,"2007,2008,2009,2010,2011,2012,2013,2014,2015,2016"
"Form 11: Retention and Success Core Academic Skills","Retention Rate",ec_i_retention_rate,computed,,,1,,,1,"2007,2008,2009,2010,2011,2012,2013,2014,2015,2016"
"Form 11: Retention and Success Core Academic Skills","Enrollee Success Rate",ec_i_enr_suc_rate,computed,,,1,,,1,"2007,2008,2009,2010,2011,2012,2013,2014,2015,2016"
"Form 11: Retention and Success Core Academic Skills","Completer Success Rate",ec_i_comp_suc_rate,computed,,,1,,,1,"2007,2008,2009,2010,2011,2012,2013,2014,2015,2016"
"Form 11: Retention and Success Core Academic Skills","Total ABCPDF and W Grades",ec_ii_abcpdfw,number,"<p>
Enter the total number of A, B, C, P, D, F and W grades (or their institutional equivalents) at the end of the fall 2011 term for all students.  Do not include incompletes and audits.
</p>
<p>
If your institution records + or - grades, include them in the letter grades with which they are associated (e.g. a grade of C+ would be reported with C grades).
</p>",,,,,1,"2007,2008,2009,2010,2011,2012,2013,2014,2015,2016"
"Form 11: Retention and Success Core Academic Skills","Total ABCPD and F Grades",ec_ii_abcpdf,number,"Enter the total number of A, B, C, P, D and F grades (or their institutional equivalents) at the end of the fall 2011 term.",,,,,1,"2007,2008,2009,2010,2011,2012,2013,2014,2015,2016"
"Form 11: Retention and Success Core Academic Skills","Total ABC and P Grades",ec_ii_abcp,number,"Enter the total number of A, B, C, and P grades (or their institutional equivalents) at the end of the fall 2011 term.",,,,,1,"2007,2008,2009,2010,2011,2012,2013,2014,2015,2016"
"Form 11: Retention and Success Core Academic Skills","ABCPDF and W Grades",al_abcpdfw,number,"<p>
Enter the total number of A, B, C, P, D, F and W grades (or their institutional equivalents) at the end of the fall 2011 term for all students.  Do not include incompletes and audits.
</p>
<p>
If your institution records + or - grades, include them in the letter grades with which they are associated (e.g. a grade of C+ would be reported with C grades).
</p>",,,,,1,"2007,2008,2009,2010,2011,2012,2013,2014,2015,2016"
"Form 11: Retention and Success Core Academic Skills","Retention Rate",ec_ii_retention_rate,computed,,,1,,,1,"2007,2008,2009,2010,2011,2012,2013,2014,2015,2016"
"Form 11: Retention and Success Core Academic Skills","ABCPD and F Grades",al_abcpdf,number,"Enter the total number of A, B, C, P, D and F grades (or their institutional equivalents) at the end of the fall 2011 term.",,,,,1,"2007,2008,2009,2010,2011,2012,2013,2014,2015,2016"
"Form 11: Retention and Success Core Academic Skills","Enrollee Success Rate",ec_ii_enr_suc_rate,computed,,,1,,,1,"2007,2008,2009,2010,2011,2012,2013,2014,2015,2016"
"Form 11: Retention and Success Core Academic Skills","Completer Success Rate",ec_ii_comp_suc_rate,computed,,,1,,,1,"2007,2008,2009,2010,2011,2012,2013,2014,2015,2016"
"Form 11: Retention and Success Core Academic Skills","ABCPDF and W Grades",sp_abcpdfw,number,"<p>
Enter the total number of A, B, C, P, D, F and W grades (or their institutional equivalents) at the end of the fall 2011 term for all students.  Do not include incompletes and audits.
</p>
<p>
If your institution records + or - grades, include them in the letter grades with which they are associated (e.g. a grade of C+ would be reported with C grades).
</p>",,,,,1,"2007,2008,2009,2010,2011,2012,2013,2014,2015,2016"
"Form 11: Retention and Success Core Academic Skills","Retention Rate",al_retention_rate,computed,,,1,,,1,"2007,2008,2009,2010,2011,2012,2013,2014,2015,2016"
"Form 11: Retention and Success Core Academic Skills","ABCPD and F Grades",sp_abcpdf,number,"Enter the total number of A, B, C, P, D and F grades (or their institutional equivalents) at the end of the fall 2011 term.",,,,,1,"2007,2008,2009,2010,2011,2012,2013,2014,2015,2016"
"Form 11: Retention and Success Core Academic Skills","Enrollee Success Rate",al_enr_suc_rate,computed,,,1,,,1,"2007,2008,2009,2010,2011,2012,2013,2014,2015,2016"
"Form 11: Retention and Success Core Academic Skills","ABC and P Grades",sp_abcp,number,"Enter the total number of A, B, C, and P grades (or their institutional equivalents) at the end of the fall 2011 term.",,,,,1,"2007,2008,2009,2010,2011,2012,2013,2014,2015,2016"
"Form 11: Retention and Success Core Academic Skills","Completer Success Rate",al_comp_suc_rate,computed,,,1,,,1,"2007,2008,2009,2010,2011,2012,2013,2014,2015,2016"
"Form 11: Retention and Success Core Academic Skills","Retention Rate",sp_retention_rate,computed,,,1,,,1,"2007,2008,2009,2010,2011,2012,2013,2014,2015,2016"
"Form 11: Retention and Success Core Academic Skills","Enrollee Success Rate",sp_enr_suc_rate,computed,,,1,,,1,"2007,2008,2009,2010,2011,2012,2013,2014,2015,2016"
"Form 11: Retention and Success Core Academic Skills","Completer Success Rate",sp_comp_suc_rate,computed,,,1,,,1,"2007,2008,2009,2010,2011,2012,2013,2014,2015,2016"
"Form 11: Retention and Success Core Academic Skills","Total ABC and P Grades",al_abcp,number,"Enter the total number of A, B, C, and P grades (or their institutional equivalents) at the end of the fall 2012 term.",,,,,1,"2007,2008,2009,2010,2011,2012,2013,2014,2015,2016"
"Form 12: Institution-wide Credit Grades","% Withdrawal",withdrawal,computed,,,1,,,1,"2007,2008,2009,2010,2011,2012,2013,2014,2015,2016"
"Form 12: Institution-wide Credit Grades","% Completed",completed,computed,,,1,,,1,"2007,2008,2009,2010,2011,2012,2013,2014,2015,2016"
"Form 12: Institution-wide Credit Grades","% Completer Success",compl_succ,computed,,,1,,,1,"2007,2008,2009,2010,2011,2012,2013,2014,2015,2016"
"Form 12: Institution-wide Credit Grades","% Enrollee Success",enr_succ,computed,,,1,,,1,"2007,2008,2009,2010,2011,2012,2013,2014,2015,2016"
"Form 12: Institution-wide Credit Grades","% A & B grades",anb,computed,,,1,,,1,"2007,2008,2009,2010,2011,2012,2013,2014,2015,2016"
"Form 12: Institution-wide Credit Grades","Number of A Grades",a,number,,,,,,1,"2007,2008,2009,2010,2011,2012,2013,2014,2015,2016"
"Form 12: Institution-wide Credit Grades","Number of B Grades",b,number,,,,,,1,"2007,2008,2009,2010,2011,2012,2013,2014,2015,2016"
"Form 12: Institution-wide Credit Grades","Number of C Grades",c,number,,,,,,1,"2007,2008,2009,2010,2011,2012,2013,2014,2015,2016"
"Form 12: Institution-wide Credit Grades","Number of Other Passing Grades",p,number,"Include all other passing grades here.",,,,,1,"2007,2008,2009,2010,2011,2012,2013,2014,2015,2016"
"Form 12: Institution-wide Credit Grades","Number of D Grades",d,number,,,,,,1,"2007,2008,2009,2010,2011,2012,2013,2014,2015,2016"
"Form 12: Institution-wide Credit Grades","Number of F Grades",f,number,"Include all other non-passing grades here.",,,,,1,"2007,2008,2009,2010,2011,2012,2013,2014,2015,2016"
"Form 12: Institution-wide Credit Grades","Number of Withdrawals",w,number,,,,,,1,"2007,2008,2009,2010,2011,2012,2013,2014,2015,2016"
"Form 12: Institution-wide Credit Grades","Total Number of Grades",total,number,,,,,,1,"2007,2008,2009,2010,2011,2012,2013,2014,2015,2016"
"Form 12: Institution-wide Credit Grades",A%,a_perc,computed,,,1,,,1,"2007,2008,2009,2010,2011,2012,2013,2014,2015,2016"
"Form 12: Institution-wide Credit Grades",B%,b_perc,computed,,,1,,,1,"2007,2008,2009,2010,2011,2012,2013,2014,2015,2016"
"Form 12: Institution-wide Credit Grades",C%,c_perc,computed,,,1,,,1,"2007,2008,2009,2010,2011,2012,2013,2014,2015,2016"
"Form 12: Institution-wide Credit Grades",P%,p_perc,computed,,,1,,,1,"2007,2008,2009,2010,2011,2012,2013,2014,2015,2016"
"Form 12: Institution-wide Credit Grades",D%,d_perc,computed,,,1,,,1,"2007,2008,2009,2010,2011,2012,2013,2014,2015,2016"
"Form 12: Institution-wide Credit Grades",F%,f_perc,computed,,,1,,,1,"2007,2008,2009,2010,2011,2012,2013,2014,2015,2016"
"Form 12: Institution-wide Credit Grades",W%,w_perc,computed,,,1,,,1,"2007,2008,2009,2010,2011,2012,2013,2014,2015,2016"
"Form 13A: Minority Participation Rates","Total Institution Population",stud_inst_pop,number,"This should equal the field ""IPEDS Enrollment"" on Form 1.",,,,,1,"2007,2008,2009,2010,2011,2012,2013,2014,2015,2016"
"Form 13A: Minority Participation Rates","Minority Population in %",serv_ar_min,percent,"Enter your service area <em>percent</em> minority population.  The number should reflect your state's definition of service area, most recent census estimates, and the percent of the service area population that is not ""white, non-Hispanic"".",,,,,1,"2007,2008,2009,2010,2011,2012,2013,2014,2015,2016"
"Form 13A: Minority Participation Rates","Total Institution Minority Population",stud_tot_inst_min_pop,number,"Enter the total number of minority students reported to IPEDS for fall 2011.",,,,,1,"2007,2008,2009,2010,2011,2012,2013,2014,2015,2016"
"Form 13A: Minority Participation Rates","Institution Percent Minority",perc_inst_min,computed,,,1,,,1,"2007,2008,2009,2010,2011,2012,2013,2014,2015,2016"
"Form 13A: Minority Participation Rates","Ratio Institution  Service Area Minority Pop.",stud_inst_serv_ratio,computed,,,1,,,1,"2007,2008,2009,2010,2011,2012,2013,2014,2015,2016"
"Form 13A: Minority Participation Rates","Total Institution Population",empl_inst_pop,number,"Enter the total number of full- and part-time employees reported to IPEDS for fall 2011.  Include those on soft money, but <em>do not include</em> work-study students.",,,,,1,"2007,2008,2009,2010,2011,2012,2013,2014,2015,2016"
"Form 13A: Minority Participation Rates","Total Institution Minority Population",empl_tot_inst_min_pop,number,"Enter the total number of minority employees reported to IPEDS for fall 2011.",,,,,1,"2007,2008,2009,2010,2011,2012,2013,2014,2015,2016"
"Form 13A: Minority Participation Rates","Institution Percent Minority",perc_inst_min_empl,computed,,,1,,,1,"2007,2008,2009,2010,2011,2012,2013,2014,2015,2016"
"Form 13A: Minority Participation Rates","Ratio Institution  Service Area Minority Pop.",empl_inst_serv_ratio,computed,,,1,,,1,"2007,2008,2009,2010,2011,2012,2013,2014,2015,2016"
"Form 13B: High School Graduates","Spring High School Grads",pub_hs_spr_hs_grad,number,"<p>
Enter the total number of public spring 2011 high school (HS) graduates in your service area.  Include December 2010 graduates, but <em>do not include</em> home-schooled or GED students.
</p>",,,,,1,"2007,2008,2009,2010,2011,2012,2013,2014,2015,2016"
"Form 13B: High School Graduates","Total from Row 1 Who Enrolled for Next Fall Term",pub_hs_fall,number,"Enter the total high school graduates from row 1 who enrolled at your institution for the fall 2011 term.",,,,,1,"2007,2008,2009,2010,2011,2012,2013,2014,2015,2016"
"Form 13B: High School Graduates","Spring High School Grads",priv_hs_spr_hs_grad,number,"Enter the total number of private spring 2011 high school (HS) graduates in your service area.  Include December 2010 graduates, but <em>do not include</em> home-schooled or GED students.",,,,,1,"2007,2008,2009,2010,2011,2012,2013,2014,2015,2016"
"Form 13B: High School Graduates","Total from Row 1 Who Enrolled for Next Fall Term",priv_hs_fall,number,"Enter the total high school graduates from row 1 who enrolled at your institution for the fall 2011 term.",,,,,1,"2007,2008,2009,2010,2011,2012,2013,2014,2015,2016"
"Form 13B: High School Graduates","Spring High School Grads",tot_hs_spr_hs_grad,number,"Enter the total number of public and private spring 2011 high school (HS) graduates in your service area. Include December 2010 graduates, but do not include home-schooled or GED students9",,,,,1,"2007,2008,2009,2010,2011,2012,2013,2014,2015,2016"
"Form 13B: High School Graduates","Percent Enrolling",pub_perc_enr,computed,,,1,,,1,"2007,2008,2009,2010,2011,2012,2013,2014,2015,2016"
"Form 13B: High School Graduates","Total from Row 1 Who Enrolled for Next Fall Term",tot_tot_hs_fall,number,"Enter the total high school graduates from row 1 who enrolled at your institution for the fall 2011 term.",,,,,1,"2007,2008,2009,2010,2011,2012,2013,2014,2015,2016"
"Form 13B: High School Graduates","Percent Enrolling",priv_perc_enr,computed,,,1,,,1,"2007,2008,2009,2010,2011,2012,2013,2014,2015,2016"
"Form 13B: High School Graduates","Percent Enrolling",tot_perc_enr,computed,,,1,,,1,"2007,2008,2009,2010,2011,2012,2013,2014,2015,2016"
"Form 14A: Market Penetration: Students","Service Area Population",serv_pop,number,"Enter service area population from Form 1.",,,,,1,"2007,2008,2009,2010,2011,2012,2013,2014,2015,2016"
"Form 14A: Market Penetration: Students","Unduplicated Headcount",undup_cre_head,number,"Enter unduplicated credit headcount in academic year (AY) 2011-2012.  Unduplicated credit headcount includes students enrolled in a course or activity having credit applicable toward a degree, diploma, certificate, or other formal award. This may be an estimate.",,,,,1,"2007,2008,2009,2010,2011,2012,2013,2014,2015,2016"
"Form 14A: Market Penetration: Students","Unduplicated Headcount",undup_non_cre_head,number,"Enter unduplicated non-credit headcount in academic year (AY) 2011-2012.  Unduplicated non-credit headcount includes students enrolled in a course or activity having no credit applicable toward a degree, diploma, certificate, or other formal award. This may be an estimate.",,,,,1,"2007,2008,2009,2010,2011,2012,2013,2014,2015,2016"
"Form 14A: Market Penetration: Students","Student Market Penetration Rate",cre_stud_pen_rate,computed,,,1,,,1,"2007,2008,2009,2010,2011,2012,2013,2014,2015,2016"
"Form 14A: Market Penetration: Students","Student Market Penetration Rate",ncre_stud_pen_rate,computed,,,1,,,1,"2007,2008,2009,2010,2011,2012,2013,2014,2015,2016"
"Form 14B: Market Penetration: Community","Duplicated Headcount",cul_act_dupl_head,number,"<strong>Cultural Activities</strong> include exhibits (e.g. galleries) or attended performances (e.g. theater, dance, music).",,,,,1,"2007,2008,2009,2010,2011,2012,2013,2014,2015,2016"
"Form 14B: Market Penetration: Community","Service Area Population",serv_pop,number,"Please enter service area population from Form 1.",,,,,1,"2007,2008,2009,2010,2011,2012,2013,2014,2015,2016"
"Form 14B: Market Penetration: Community","Duplicated Headcount",pub_meet_dupl_head,number,"<strong>Public Meetings</strong> include meetings held at the institution's campus(es) by non-college organizations which may or may not be open to the public.",,,,,1,"2007,2008,2009,2010,2011,2012,2013,2014,2015,2016"
"Form 14B: Market Penetration: Community","Community Participation Rate",cul_com_part,computed,,,1,,,1,"2007,2008,2009,2010,2011,2012,2013,2014,2015,2016"
"Form 14B: Market Penetration: Community","Duplicated Headcount",spo_dupl_head,number,"<strong>Sporting Events</strong> include intercollegiate sporting events held at the institution.",,,,,1,"2007,2008,2009,2010,2011,2012,2013,2014,2015,2016"
"Form 14B: Market Penetration: Community","Community Participation Rate",pub_com_part,computed,,,1,,,1,"2007,2008,2009,2010,2011,2012,2013,2014,2015,2016"
"Form 14B: Market Penetration: Community","Community Participation Rate",spo_com_part,computed,,,1,,,1,"2007,2008,2009,2010,2011,2012,2013,2014,2015,2016"
"Form 15: FY Business and Industry Productivity","Total Instructional and Administrative Costs",tot_inst_adm_cst,number,"Enter the total B&I instructional and administrative costs for FY 2012.  Include salaries, benefits, supplies, travel, capital equipment, rents, and utilities.",,,,,1,"2007,2008,2009,2010,2011,2012,2013,2014,2015,2016"
"Form 15: FY Business and Industry Productivity","Total Revenue",tot_rev,number,"Enter the total B&I FY 2012 revenue. Include grants.",,,,,1,"2007,2008,2009,2010,2011,2012,2013,2014,2015,2016"
"Form 15: FY Business and Industry Productivity","Net Revenue ($)",net_revenue_usd,computed,,,1,,,1,"2007,2008,2009,2010,2011,2012,2013,2014,2015,2016"
"Form 15: FY Business and Industry Productivity","Net Revenue (%)",net_revenue_perc,computed,,,1,,,1,"2007,2008,2009,2010,2011,2012,2013,2014,2015,2016"
"Form 15: FY Business and Industry Productivity","FY Duplicated Headcount",fy_dup_headc_bni,number,"Enter the duplicated B&I headcount for fiscal year (FY) 2012.",,,,,1,"2007,2008,2009,2010,2011,2012,2013,2014,2015,2016"
"Form 15: FY Business and Industry Productivity","Total Companies Served",comp_serv,number,"Enter the total number of companies served in FY 2012.",,,,,1,"2007,2008,2009,2010,2011,2012,2013,2014,2015,2016"
"Form 16A: Average Credit Section Size","Total Credit Course Sections",tot_cred_cou_sec,number,"Enter the total number of credit course sections with <em>six or more students</em> at the end of the fall 2011 term.  Combine concurrent sections that meet in the same time slot.  Credit courses are those eligible for Title IV federal financial aid.",,,,,1,"2007,2008,2009,2010,2011,2012,2013,2014,2015,2016"
"Form 16A: Average Credit Section Size","Total Credit Students",tot_cred_stud,number,"Enter the total number of students enrolled in <em>Total Credit Course Sections</em>.  (This will be a duplicated headcount.)",,,,,1,"2007,2008,2009,2010,2011,2012,2013,2014,2015,2016"
"Form 16A: Average Credit Section Size","Average Credit Section Size",av_cred_sec_size,computed,,,1,,,1,"2007,2008,2009,2010,2011,2012,2013,2014,2015,2016"
"Form 16B: Credit Course Stud/Fac Ratio",Total,tot_fte_stud,number,"<p>
Enter the total FTE students at end of fall 2011 term.
</p>
<p>
Total FTE Students should equal total student credit hours for which all students were enrolled  / 15. <em>Exclude high school students taking classes taught by high school faculty in their high schools for college credit</em>.
</p>",,,,,1,"2007,2008,2009,2010,2011,2012,2013,2014,2015,2016"
"Form 16B: Credit Course Stud/Fac Ratio",Total,tot_fte_fac,number,"Enter the total FTE faculty at end of fall 2012 term.

Total FTE Faculty will likely equal total instructor credit hours taught by all faculty divided by 15, for institutions who calculate faculty load on a credit hour basis. For institutions that calculate faculty load on some basis other than credit hours (e.g., contact hours), the total FTE Faculty should be based on institutional convention. For example, a faculty member teaching 5 courses that each award 3 credit hours would have 15 instructor credit hours or 1 FTE (15 instructor credit hours / 15).",,,,,1,"2007,2008,2009,2010,2011,2012,2013,2014,2015,2016"
"Form 16C: Instructional Faculty Load","Total Faculty",ft_tot_fac,number,"<p>
Enter the total number of full-time faculty at the end of the fall 2011 term.
</p>
<p>
Include as Full-time Faculty all full-time employees who teach more than 50% of the time.
</p>",,,,,1,"2007,2008,2009,2010,2011,2012,2013,2014,2015,2016"
"Form 16C: Instructional Faculty Load","Total Student Credit Hours Taught",ft_tot_stud_crhrs_tght,number,"Enter the total number of student credit hours taught by full-time faculty at the end of the fall 2011 term.  <em>This should be the number of credit hours for a course times the number of students enrolled in the course (include students who received a grade of W).</em>  For example, a 3 credit hour course with 30 enrolled students would generate 90 student credit hours.

<em>Exclude high school students taking classes taught by high school faculty in their high schools for college credit.</em>",,,,,1,"2007,2008,2009,2010,2011,2012,2013,2014,2015,2016"
"Form 16C: Instructional Faculty Load","Total Credit Sections Taught",ft_tot_cred_sec_tght,number,"Enter the total number of credit sections with six or more students taught by full-time faculty at the end of the fall 2011 term.",,,,,1,"2007,2008,2009,2010,2011,2012,2013,2014,2015,2016"
"Form 16C: Instructional Faculty Load","Percent of Student Credit Hours Taught",ft_perc_crh,computed,,,1,,,1,"2007,2008,2009,2010,2011,2012,2013,2014,2015,2016"
"Form 16C: Instructional Faculty Load","Percent of Sections Taught",ft_perc_sec,computed,,,1,,,1,"2007,2008,2009,2010,2011,2012,2013,2014,2015,2016"
"Form 16C: Instructional Faculty Load","Total Faculty",pt_tot_fac,number,"Enter the total number of part-time faculty at the end of the fall 2011 term.",,,,,1,"2007,2008,2009,2010,2011,2012,2013,2014,2015,2016"
"Form 16C: Instructional Faculty Load","Total Student Credit Hours Taught",pt_tot_stud_crhrs_tght,number,"Enter the total number of student credit hours taught by part-time faculty at the end of the fall 2011 term.  <em>This should be the number of credit hours for a course times the number of students enrolled in the course (include students who received a grade of W).</em>  For example, a 3 credit hour course with 30 enrolled students would generate 90 student credit hours. <em>Exclude high school students taking classes taught by high school faculty in their high schools for college credit</em>.",,,,,1,"2007,2008,2009,2010,2011,2012,2013,2014,2015,2016"
"Form 16C: Instructional Faculty Load","Total Credit Sections Taught",pt_tot_cred_sec_tght,number,"Enter the total number of credit sections with six or more students taught by part-time faculty at the end of the fall 2011 term.",,,,,1,"2007,2008,2009,2010,2011,2012,2013,2014,2015,2016"
"Form 16C: Instructional Faculty Load","Percent of Student Credit Hours Taught",pt_perc_crh,computed,,,1,,,1,"2007,2008,2009,2010,2011,2012,2013,2014,2015,2016"
"Form 16C: Instructional Faculty Load","Percent of Sections Taught",pt_perc_sec,computed,,,1,,,1,"2007,2008,2009,2010,2011,2012,2013,2014,2015,2016"
"Form 16C: Instructional Faculty Load","Total Faculty",tot_fac,computed,,,1,,,1,"2007,2008,2009,2010,2011,2012,2013,2014,2015,2016"
"Form 16C: Instructional Faculty Load","Total Student Credit Hours Taught",tot_cred_hrs,computed,,,1,,,1,"2007,2008,2009,2010,2011,2012,2013,2014,2015,2016"
"Form 16C: Instructional Faculty Load","Total Credit Sections Taught",tot_cred_sec,computed,,,1,,,1,"2007,2008,2009,2010,2011,2012,2013,2014,2015,2016"
"Form 17A: Dist Learning Sec and Cred Hrs","Total Taught",tot_crh_tght,number,"Enter the total number of <em>both non-distance and distance</em> student credit hours at your institution.",,,,,1,"2007,2008,2009,2010,2011,2012,2013,2014,2015,2016"
"Form 17A: Dist Learning Sec and Cred Hrs","Total Distance Learning",tot_dis_lear_stud_hrs,number,"<p>
Enter the total number of distance learning student credit hours at the end of the fall 2011 term (including credit hours from courses with a W grade).
</p>
<p>
Credit distance learning courses should include those that are web-based, computer mediated, and asynchronous in which the learner and learning resources are generally separated by time and/or space.  <em>Do not include</em> telecourse and self-paced courses and courses offered in other, non-computer modalities.
</p>",,,,,1,"2007,2008,2009,2010,2011,2012,2013,2014,2015,2016"
"Form 17A: Dist Learning Sec and Cred Hrs","Total Taught",tot_crs_tght,number,"Enter the total number of <em>both non-distance and distance</em> credit sections at your institution.",,,,,1,"2007,2008,2009,2010,2011,2012,2013,2014,2015,2016"
"Form 17A: Dist Learning Sec and Cred Hrs","Distance Learning Proportion of Credit Hours",dist_prop_crh,computed,,,1,,,1,"2007,2008,2009,2010,2011,2012,2013,2014,2015,2016"
"Form 17A: Dist Learning Sec and Cred Hrs","Total Distance Learning",tot_dis_lear_sec,number,"<p>
Enter the total number of student distance learning sections with six or more students at the end of the fall 2011 term.
</p>
<p>
Credit distance learning courses should include those that are Web-based, computer mediated, and asynchronous in which the learner and learning resources are generally separated by time and/or space.  <em>Do not include</em> telecourse and self-paced courses and courses offered in other, non-computer modalities.
</p>",,,,,1,"2007,2008,2009,2010,2011,2012,2013,2014,2015,2016"
"Form 17A: Dist Learning Sec and Cred Hrs","Distance Learning Proportion of Total Credit Sections",dist_prop_crs,computed,,,1,,,1,"2007,2008,2009,2010,2011,2012,2013,2014,2015,2016"
"Form 17B: Distance Learning Grades","Number of Distance Learning A Grades",a,number,,,,,,1,"2007,2008,2009,2010,2011,2012,2013,2014,2015,2016"
"Form 17B: Distance Learning Grades","Number of Distance Learning B Grades",b,number,,,,,,1,"2007,2008,2009,2010,2011,2012,2013,2014,2015,2016"
"Form 17B: Distance Learning Grades","Total Number of Distance Learning Grades",total,number,,,,,,1,"2007,2008,2009,2010,2011,2012,2013,2014,2015,2016"
"Form 17B: Distance Learning Grades","Number of Distance Learning C Grades",c,number,,,,,,1,"2007,2008,2009,2010,2011,2012,2013,2014,2015,2016"
"Form 17B: Distance Learning Grades","Percentage of Distance Learning A Grades",a_perc,percent,,,,,,1,"2007,2008,2009,2010,2011,2012,2013,2014,2015,2016"
"Form 17B: Distance Learning Grades","Number of Distance Learning Other Passing Grades",p,number,"Include all other passing grades here.",,,,,1,"2007,2008,2009,2010,2011,2012,2013,2014,2015,2016"
"Form 17B: Distance Learning Grades","Percentage of Distance Learning B Grades",b_perc,percent,,,,,,1,"2007,2008,2009,2010,2011,2012,2013,2014,2015,2016"
"Form 17B: Distance Learning Grades","Number of Distance Learning D Grades",d,number,,,,,,1,"2007,2008,2009,2010,2011,2012,2013,2014,2015,2016"
"Form 17B: Distance Learning Grades","Percentage of Distance Learning C Grades",c_perc,percent,,,,,,1,"2007,2008,2009,2010,2011,2012,2013,2014,2015,2016"
"Form 17B: Distance Learning Grades","Number of Distance Learning F Grades",f,number,"Include all other non-passing grades here.",,,,,1,"2007,2008,2009,2010,2011,2012,2013,2014,2015,2016"
"Form 17B: Distance Learning Grades","Percentage of Distance Learning Other Passing Grades",p_perc,percent,,,,,,1,"2007,2008,2009,2010,2011,2012,2013,2014,2015,2016"
"Form 17B: Distance Learning Grades","Number of Distance Learning Withdrawals",w,number,,,,,,1,"2007,2008,2009,2010,2011,2012,2013,2014,2015,2016"
"Form 17B: Distance Learning Grades","Percentage of Distance Learning D Grades",d_perc,percent,,,,,,1,"2007,2008,2009,2010,2011,2012,2013,2014,2015,2016"
"Form 17B: Distance Learning Grades","Percentage of Distance Learning F Grades",f_perc,percent,,,,,,1,"2007,2008,2009,2010,2011,2012,2013,2014,2015,2016"
"Form 17B: Distance Learning Grades","Percentage of Distance Learning Withdrawals",w_perc,percent,,,,,,1,"2007,2008,2009,2010,2011,2012,2013,2014,2015,2016"
"Form 17B: Distance Learning Grades","% Withdrawal",withdrawal,computed,,,1,,,1,"2007,2008,2009,2010,2011,2012,2013,2014,2015,2016"
"Form 17B: Distance Learning Grades","% Completed",completed,computed,,,1,,,1,"2007,2008,2009,2010,2011,2012,2013,2014,2015,2016"
"Form 17B: Distance Learning Grades","% Completer Success",completer_succ,computed,,,1,,,1,"2007,2008,2009,2010,2011,2012,2013,2014,2015,2016"
"Form 17B: Distance Learning Grades","% Enrollee Success",enr_succ,computed,,,1,,,1,"2007,2008,2009,2010,2011,2012,2013,2014,2015,2016"
"Form 17B: Distance Learning Grades","% A & B Grades",anb,computed,,,1,,,1,"2007,2008,2009,2010,2011,2012,2013,2014,2015,2016"
"Form 18: Student Prof Student Serv Staff Ratio","Total Unduplicated",tot_undup_cr_hd,number,"Enter the total unduplicated credit headcount at the end of the fall 2011 term.
<br><br>
<em>Exclude high school students taking classes taught by high school faculty in their high schools for college credit.</em>",,,,,1,"2007,2008,2009,2010,2011,2012,2013,2014,2015,2016"
"Form 18: Student Prof Student Serv Staff Ratio","Career Services",tot_fte_career_staff,float,,,,,,1,"2007,2008,2009,2010,2011,2012,2013,2014,2015,2016"
"Form 18: Student Prof Student Serv Staff Ratio","Counseling and Advising",tot_fte_counc_adv_staff,float,,,,,,1,"2007,2008,2009,2010,2011,2012,2013,2014,2015,2016"
"Form 18: Student Prof Student Serv Staff Ratio","Career Services",career_staff_ratio,float,,,1,,,1,"2007,2008,2009,2010,2011,2012,2013,2014,2015,2016"
"Form 18: Student Prof Student Serv Staff Ratio","Recruitment, Admissions, Registration",tot_fte_recr_staff,float,,,,,,1,"2007,2008,2009,2010,2011,2012,2013,2014,2015,2016"
"Form 18: Student Prof Student Serv Staff Ratio","Counseling and Advising",couns_adv_ratio,float,,,1,,,1,"2007,2008,2009,2010,2011,2012,2013,2014,2015,2016"
"Form 18: Student Prof Student Serv Staff Ratio","Financial Aid",tot_fte_fin_aid_staff,float,,,,,,1,"2007,2008,2009,2010,2011,2012,2013,2014,2015,2016"
"Form 18: Student Prof Student Serv Staff Ratio","Recruitment, Admissions, Registration",recr_staff_ratio,float,,,1,,,1,"2007,2008,2009,2010,2011,2012,2013,2014,2015,2016"
"Form 18: Student Prof Student Serv Staff Ratio","Student Activities",tot_fte_stud_act_staff,float,,,,,,1,"2007,2008,2009,2010,2011,2012,2013,2014,2015,2016"
"Form 18: Student Prof Student Serv Staff Ratio","Financial Aid",fin_aid_staff_ratio,float,,,1,,,1,"2007,2008,2009,2010,2011,2012,2013,2014,2015,2016"
"Form 18: Student Prof Student Serv Staff Ratio","Testing and Assessment Services",tot_fte_test_ass_staff,float,,,,,,1,"2007,2008,2009,2010,2011,2012,2013,2014,2015,2016"
"Form 18: Student Prof Student Serv Staff Ratio","Student Activities",stud_act_staff_ratio,float,,,1,,,1,"2007,2008,2009,2010,2011,2012,2013,2014,2015,2016"
"Form 18: Student Prof Student Serv Staff Ratio","Testing and Assessment Services",test_ass_staff_ratio,float,,,1,,,1,"2007,2008,2009,2010,2011,2012,2013,2014,2015,2016"
"Form 19A: Retirements Departures","Total Occurences",ret,number,"Enter the total number of retirements of full-time, regular (non-temporary) employees during AY 2011-2012.",,,,,1,"2007,2008,2009,2010,2011,2012,2013,2014,2015,2016"
"Form 19A: Retirements Departures",Total,tot_ft_reg_empl,number,"Enter the total number of full-time, regular (non-temporary) employees on the final day of the academic year (AY) 2011-2012. <em>Do not include adjunct faculty and work-study students.</em>",,,,,1,"2007,2008,2009,2010,2011,2012,2013,2014,2015,2016"
"Form 19A: Retirements Departures","Total Occurences",dep,number,"Enter the total number of departures other than retirement of full-time, regular (non-temporary) employees during AY 2011-2012.",,,,,1,"2007,2008,2009,2010,2011,2012,2013,2014,2015,2016"
"Form 19A: Retirements Departures","Occurence Rate",dep_occ_rate,computed,,,1,,,1,"2007,2008,2009,2010,2011,2012,2013,2014,2015,2016"
"Form 19A: Retirements Departures","Occurence Rate",ret_occ_rate,computed,,,1,,,1,"2007,2008,2009,2010,2011,2012,2013,2014,2015,2016"
"Form 20A: Cost/Credit Hour per FTE Student","Total Direct Credit Instructional Expenditures",tot_dir_exp,number,"<p>
Enter the total direct credit instructional expenditures for fiscal year (FY) 2012.
</p>
<p>
Direct credit instructional expenditures include salaries, benefits, supplies, travel, and equipment for all full- and part-time faculty and other instructional administration and support personnel, including but not limited to librarians, lab assistants, and tutors.
</p>",,,,,1,"2007,2008,2009,2010,2011,2012,2013,2014,2015,2016"
"Form 20A: Cost/Credit Hour per FTE Student","Total FY Credit Hours",tot_fy_stud_crh,number,"Enter the total semester student credit hours for FY 2012.  For schools on a quarter calendar, Column 2 should equal .667 * (quarter hours)  to convert to semester-hour equivalent.",,,,,1,"2007,2008,2009,2010,2011,2012,2013,2014,2015,2016"
"Form 20A: Cost/Credit Hour per FTE Student","Cost Per Credit Hour",cst_crh,computed,,,1,,,1,"2007,2008,2009,2010,2011,2012,2013,2014,2015,2016"
"Form 20A: Cost/Credit Hour per FTE Student","Total FY FTE Students",tot_fte_stud,computed,,,1,,,1,"2007,2008,2009,2010,2011,2012,2013,2014,2015,2016"
"Form 20A: Cost/Credit Hour per FTE Student","Cost Per FTE Student",cst_fte_stud,computed,,,1,,,1,"2007,2008,2009,2010,2011,2012,2013,2014,2015,2016"
"Form 19B: Grievances and Harassment Actions",Total,tot_empl,number,"Enter the total number of full-time and part-time faculty and full-time and part-time staff employed by the institution at the end of academic year (AY) 2011-2012.  <em>Do not include work-study students.</em>",,,,,1,"2007,2008,2009,2010,2011,2012,2013,2014,2015,2016"
"Form 19B: Grievances and Harassment Actions","Total Occurences",griev,number,"<p>
Enter the total number of grievances actions in AY 2011-2012.
</p>
<p>
Grievance actions are those that are filed in accordance with institutional policies and include employee-employee and student-employee actions.  These need not have resulted in a filing to the EEOC.
</p>",,,,,1,"2007,2008,2009,2010,2011,2012,2013,2014,2015,2016"
"Form 19B: Grievances and Harassment Actions","Occurence Rate",griev_occ_rate,computed,,,1,,,1,"2007,2008,2009,2010,2011,2012,2013,2014,2015,2016"
"Form 19B: Grievances and Harassment Actions","Total Occurences",harass,number,"<p>
Enter the total number of harassment actions in AY 2011-2012.
</p>
<p>
Harassment actions are those that are filed in accordance with institutional policies and include employee-employee and student-employee actions.  These need not have resulted in a filing to the EEOC.
</p>",,,,,1,"2007,2008,2009,2010,2011,2012,2013,2014,2015,2016"
"Form 19B: Grievances and Harassment Actions","Occurence Rate",harass_occ_rate,computed,,,1,,,1,"2007,2008,2009,2010,2011,2012,2013,2014,2015,2016"
"Form 20B: Development/Training Expenditures per FTE Employee","Total Development/Training Expenditures",tot_dev_train_exp,number,"<p>
Enter the total centrally budgeted faculty/staff development/training expenditures for fiscal year (FY) 2012.
</p>
<p>
<em>Do not include</em> tuition reimbursement benefits in total expenditures.
</p>",,,,,1,"2007,2008,2009,2010,2011,2012,2013,2014,2015,2016"
"Form 20B: Development/Training Expenditures per FTE Employee","Total FTE Credit Faculty",tot_fte_cred_fac,number,"<p>
Enter the total FTE faculty at end of FY 2012.
</p>
<p>
Total FTE faculty should equal total instructor credit hours taught by all faculty during FY 2012 / 30 for institutions on a semester calendar.  Institutions on a quarter calendar should divide by 45.  For example, one faculty member teaching 4 classes that are each 3 credit hours would be 0.4 FTE (12 credit hours / 30).
</p>",,,,,1,"2007,2008,2009,2010,2011,2012,2013,2014,2015,2016"
"Form 20B: Development/Training Expenditures per FTE Employee","Expenditures per FTE Employee",exp_fte_empl,computed,,,1,,,1,"2007,2008,2009,2010,2011,2012,2013,2014,2015,2016"
"Form 20B: Development/Training Expenditures per FTE Employee","Total FTE Staff",tot_fte_staff,number,"<p>
Enter the total FTE staff at end of FY 2012.
</p>
<p>
Total FTE staff (non-faculty) should = (total number of full-time staff) + (total part-time staff hours / 2080).  Schools with work weeks less than 40 hours should adjust yearly hour figure for part-time staff.
</p>",,,,,1,"2007,2008,2009,2010,2011,2012,2013,2014,2015,2016"
"Form 20B: Development/Training Expenditures per FTE Employee","Total FTE Employees",tot_fte_empl,computed,,,1,,,1,"2007,2008,2009,2010,2011,2012,2013,2014,2015,2016"
